sampleID,num_genes_mutated,num_amino_acid_changes,num_effects,avg_expression_level,avg_mirna_expression_level,avg_copy_number
TCGA-3L-AA1B-01A,143,141,11,1.2177070750840668,1.049414740560972,3.4253817798841495
TCGA-4N-A93T-01A,100,103,7,1.0654320510025517,1.0936498934637366,1.8296929408040519
TCGA-4T-AA8H-01A,132,133,11,1.0017621789130495,1.1473199279891744,3.480459285789529
TCGA-5M-AAT4-01A,182,184,11,1.126696961418194,1.2148066657444574,2.9959300174427823
TCGA-5M-AAT5-01A,76,77,8,1.0971373493780636,1.2575021211604416,1.808597245372401
TCGA-5M-AAT6-01A,2078,2246,23,1.1588430624415293,1.2858667227619738,2.090757949633363
TCGA-5M-AATA-01A,84,84,7,1.1211172966002234,1.3197148864248667,3.7709126145172656
TCGA-5M-AATE-01A,144,140,9,1.08478695057733,1.2515380389716182,4.433951658234964
TCGA-A6-2671-01A,92,94,8,1.109883373381901,1.1236908762652673,3.4626652698504445
TCGA-A6-2674-01A,123,120,13,1.3030822234773318,1.2056125951314391,3.0793270097738668
TCGA-A6-2675-01A,102,103,7,1.1726387896044184,1.0538353211024545,3.3285329018338725
TCGA-A6-2677-01A,147,148,8,1.1288475325306453,1.0996078554247073,2.015886097034946
TCGA-A6-2678-01A,25,25,4,1.178005251331045,1.1455383959720438,1.8536861392541497
TCGA-A6-2679-01A,159,162,13,0.8548553537103896,1.0350951733729046,3.4924807256235826
TCGA-A6-2680-01A,124,116,10,1.0869626729228805,1.094742983003016,3.1052185974456434
TCGA-A6-2681-01A,154,147,11,1.081266792507193,1.0644968080837405,1.8690057847218469
TCGA-A6-2682-01A,84,86,5,1.0782943088188794,1.058981632451167,4.135388280305355
TCGA-A6-2683-01A,38,38,6,0.9428990854204276,1.3393659127112143,3.8888122048674174
TCGA-A6-2684-01A,121,119,8,1.1648531990814903,1.0673256327875376,1.8643587230467655
TCGA-A6-2685-01A,53,52,6,1.1409695286616957,1.063713925233929,2.182068048719146
TCGA-A6-2686-01A,2266,2490,26,1.1422394899758495,1.0926092286867841,3.3776627405710573
TCGA-A6-3807-01A,104,101,10,1.12466685430043,1.179793993545463,3.0350236744135612
TCGA-A6-3809-01A,1377,1410,23,1.1547135594947613,1.2029831130267847,2.04988002872305
TCGA-A6-3810-01A,168,167,12,1.2010105023980875,1.1404199203269454,2.9586119518547194
TCGA-A6-4105-01A,176,175,11,1.1740056568862687,1.118131894438774,2.9185588967907297
TCGA-A6-4107-01A,195,192,13,1.055817385972107,1.0889256690909344,3.7739176040800086
TCGA-A6-5656-01A,119,118,10,1.2672665340270461,1.320539304018044,2.10059804626528
TCGA-A6-5657-01A,127,128,11,1.195114607989978,1.0307656860140761,2.1390375295029096
TCGA-A6-5659-01A,219,220,11,1.1881571932577664,1.084625241614247,1.9094769111506544
TCGA-A6-5660-01A,135,135,10,1.1475404387604005,1.0906224810444372,3.2237192855199925
TCGA-A6-5661-01A,1343,1412,27,1.1182926544126452,1.0900100100789,2.013860212930214
TCGA-A6-5662-01A,64,61,9,1.169386951098785,0.9381702190082646,2.02510271750883
TCGA-A6-5664-01A,51,52,6,1.1606613779525665,1.3089088658213857,2.0360075464917795
TCGA-A6-5665-01A,1884,2048,28,1.0985492267478525,1.0743220967509628,1.9875626808533582
TCGA-A6-5666-01A,95,94,7,1.0968175099645725,1.1244074326257265,4.121361948745812
TCGA-A6-5667-01A,71,70,7,1.1280682975441725,1.0355506268404049,3.1742003222244346
TCGA-A6-6137-01A,121,121,10,1.1642368355171602,1.2245902232162806,2.1487759283891146
TCGA-A6-6138-01A,120,120,11,1.1158330418556068,1.1216710889919432,2.0285925072875806
TCGA-A6-6142-01A,84,83,9,1.1222262789155728,1.1349670111911545,3.4896047644829453
TCGA-A6-6648-01A,96,98,10,1.205688472408585,1.177271773921555,3.2450429281518303
TCGA-A6-6649-01A,115,116,11,1.2493349828884712,1.0906882815104713,3.249819663853423
TCGA-A6-6650-01A,129,132,11,1.2494416619028332,1.1694311868588116,3.2821163126563104
TCGA-A6-6651-01A,91,90,6,1.1410811776116474,0.9354518436930971,2.729117074226358
TCGA-A6-6652-01A,90,89,7,1.1180965488350054,1.1735079336699477,2.3075420156665523
TCGA-A6-6653-01A,1217,1280,24,1.0684098456049063,1.2025725340721911,1.9849906528616623
TCGA-A6-6654-01A,206,204,9,1.152267940560643,0.987305854104993,2.808398664343786
TCGA-A6-6780-01A,1376,1446,27,1.2433472352263046,1.2039437757221993,2.054035627502054
TCGA-A6-6781-01A,2313,2387,24,1.2215623821814725,1.2144968982767412,2.0004194924141787
TCGA-A6-6782-01A,147,150,12,1.0404764779517546,1.169405920307945,2.291738025274468
TCGA-A6-A565-01A,393,375,15,1.188812765177373,1.1473557964580614,1.956435295152635
TCGA-A6-A566-01A,208,193,14,1.1951071730111313,1.186105699923522,2.1056527000719085
TCGA-A6-A567-01A,64,57,12,1.1135927942229238,1.0632961798560057,1.7772872209958304
TCGA-A6-A56B-01A,101,99,9,1.1654755736391533,1.1330280894750804,3.204005908627299
TCGA-AA-3488-01A,87,87,8,1.0370764032959592,1.1633265700585687,3.006506843090569
TCGA-AA-3489-01A,101,99,8,1.1885551453798804,1.0851672873355924,2.0325078517021047
TCGA-AA-3492-01A,2200,2366,32,1.0957913447335874,1.0435341522057702,1.9970912486084678
TCGA-AA-3494-01A,94,93,8,1.115298253432433,1.100655220296275,3.247954291481922
TCGA-AA-3495-01A,130,130,10,1.1033309173601238,1.1370523676565927,2.2428939636992844
TCGA-AA-3496-01A,103,105,8,1.1278745847377225,1.1784301886303206,2.2037260372603726
TCGA-AA-3502-01A,198,202,10,1.1188293638435693,1.0633248527420427,2.1521110572347038
TCGA-AA-3506-01A,171,173,9,1.0582941673781243,1.0995800269165432,2.2217759288480847
TCGA-AA-3510-01A,2800,3225,25,1.0872106635528138,1.1383016889223858,1.9999281776883988
TCGA-AA-3511-01A,115,116,10,1.0578374799863317,1.124860247058322,3.7056580698536026
TCGA-AA-3514-01A,32,32,6,0.9985430947394969,1.1573781276699397,2.0604885057471263
TCGA-AA-3517-01A,15,15,4,1.1677184350575602,1.1288476639141836,3.7205792188119884
TCGA-AA-3519-01A,26,25,3,1.0683983764588447,1.154847588467363,3.691165256545263
TCGA-AA-3520-01A,27,28,5,1.2057067677929505,1.0893901603987726,1.8920949260539797
TCGA-AA-3521-01A,16,16,5,1.0953313953774957,1.0458053828544307,3.5052874063593986
TCGA-AA-3522-01A,25,25,3,1.0832087182485748,1.008350735127665,1.7351923908344142
TCGA-AA-3524-01A,13,14,3,1.055072196765363,1.1085406130346567,2.129366222542312
TCGA-AA-3526-01A,27,29,5,1.1301596053471623,1.1613019641906062,2.012600434993619
TCGA-AA-3529-01A,21,19,5,1.1650835720966441,1.1479854915384489,2.235627224679107
TCGA-AA-3530-01A,94,99,9,1.1704599007526097,1.1702709364496677,1.9346773325680668
TCGA-AA-3531-01A,19,19,3,1.094957088499676,1.0930764591921915,1.939005132254244
TCGA-AA-3532-01A,21,21,6,1.1176649285167373,1.1348073818810709,3.46231860308443
TCGA-AA-3534-01A,32,32,5,1.1807907406307163,1.1411712295669436,2.40836818575137
TCGA-AA-3538-01A,19,19,5,1.1474552615542142,1.196434607036381,2.083163788912695
TCGA-AA-3544-01A,27,27,3,1.0112334804069032,1.1583746772630061,2.1249050186344394
TCGA-AA-3548-01A,23,23,4,1.018866251124927,1.0936831628028831,3.761028677285193
TCGA-AA-3549-01A,18,18,3,1.0712413526145212,1.1002356471317214,1.960760934366701
TCGA-AA-3556-01A,18,19,2,1.1391617235054106,1.0781883589831929,2.0468859720196617
TCGA-AA-3560-01A,18,18,4,0.9907618361271041,1.0243343091642987,1.771755202134949
TCGA-AA-3561-01A,17,17,4,1.018350440691316,1.1169264889626946,4.0556444796144095
TCGA-AA-3655-01A,89,87,8,1.1654226838976631,1.0689476175054682,1.9750481227625165
TCGA-AA-3660-01A,131,128,11,1.1278042099019947,1.062660839129714,2.265253090318506
TCGA-AA-3662-01A,86,85,7,1.1251602586497882,1.1154466858237526,2.92530002891845
TCGA-AA-3663-01A,2066,2232,26,1.0482076432102088,1.0943903591279176,2.0858082809262424
TCGA-AA-3664-01A,163,162,13,1.1675309019260787,1.046150945290705,2.1671971372570176
TCGA-AA-3666-01A,187,189,11,1.0755165730480545,1.1296696191343765,2.8313629790310917
TCGA-AA-3667-01A,72,72,8,0.9509339256421332,1.124480438191228,2.1680509114442885
TCGA-AA-3672-01A,1900,2029,25,1.0137843126589103,1.240210605446045,2.053479103834554
TCGA-AA-3673-01A,79,76,10,1.1568489104814772,1.295903572530059,2.0021115095472997
TCGA-AA-3675-01A,103,102,10,1.0667869749374657,1.1797825668091508,2.1072200994881407
TCGA-AA-3678-01A,76,77,10,1.138125749264051,1.2572267523904654,2.0004697380307137
TCGA-AA-3679-01A,79,76,10,1.050383544993674,1.3028042739496186,2.4557856228938024
TCGA-AA-3680-01A,117,116,9,1.1575618257292097,1.0990085831134522,4.001095191927897
TCGA-AA-3681-01A,127,124,12,1.0968129556433537,1.1718563723427644,2.244800172280746
TCGA-AA-3684-01A,135,137,11,1.0534589712154487,1.1327523977900213,2.3355806323683166
TCGA-AA-3685-01A,90,90,10,1.048121738490208,1.20769985988014,2.6732073293896983
TCGA-AA-3688-01A,77,76,9,1.1217069440967422,1.259405938278126,3.9501094804654278
TCGA-AA-3692-01A,66,66,8,1.175772942385633,1.1933970192023735,1.9540375825292027
TCGA-AA-3693-01A,158,160,11,1.079381937537228,1.2094997293279308,2.12434005930426
TCGA-AA-3695-01A,163,166,9,1.12609762328557,1.2133849125531968,2.893292079653181
TCGA-AA-3696-01A,90,91,9,1.1617713546124584,1.1903221778748028,2.254462918595644
TCGA-AA-3697-01A,202,212,13,1.1195062143921484,1.047480621024784,3.9111211410001805
TCGA-AA-3712-01A,154,155,11,1.1630148951574872,1.1698529373736748,3.142148129294986
TCGA-AA-3713-01A,1138,1183,21,1.1839157515239789,1.0740047950438991,2.0420903244350233
TCGA-AA-3715-01A,2298,2533,29,1.0399414726986904,1.2280895382634778,2.1825185876944073
TCGA-AA-3812-01A,122,123,8,0.9764786743476497,1.1613740539488298,2.4732524510249743
TCGA-AA-3814-01A,108,110,7,1.0894650678543532,1.16506925498481,2.587011019532166
TCGA-AA-3818-01A,155,153,11,1.0632305657240633,1.1624961913231284,2.2618765910150227
TCGA-AA-3819-01A,188,193,12,1.1063041441125832,1.1797295522006293,1.957759362892811
TCGA-AA-3821-01A,900,931,20,1.2284053568578335,1.2719708576381705,2.0
TCGA-AA-3831-01A,111,109,9,1.081389071001635,1.181013224233681,2.0022631749110897
TCGA-AA-3833-01A,720,728,15,1.0614432287016633,1.1066525047385474,1.9999461439034898
TCGA-AA-3837-01A,155,159,10,1.0653575042529129,1.1266711593565695,2.676215795851193
TCGA-AA-3842-01A,103,103,8,1.0992840342253847,1.22472913981926,2.9275247381986627
TCGA-AA-3844-01A,128,127,7,1.0735898055652424,1.19803993512208,2.257250809643757
TCGA-AA-3845-01A,1169,1229,22,1.1674360655753924,1.2573312315494443,2.098884290084578
TCGA-AA-3846-01A,97,98,8,1.1190507078091894,1.1875370840989485,3.3025867326803717
TCGA-AA-3848-01A,159,160,10,1.0321386049806782,1.2155309547015707,1.9120674035151295
TCGA-AA-3850-01A,124,123,10,1.0444558798743584,1.079427570496894,3.1638936317070514
TCGA-AA-3851-01A,97,99,7,1.0707500073672647,1.1953262301475156,3.209096481107586
TCGA-AA-3852-01A,144,145,12,1.068169283602716,1.1977470742310081,2.2260312403844416
TCGA-AA-3854-01A,148,146,14,1.020545031926015,1.0290845023807313,2.1092204480931627
TCGA-AA-3855-01A,148,147,9,1.0978471472146,1.151488831064581,2.0929232982645445
TCGA-AA-3856-01A,66,65,8,1.098644777936969,1.1929389041883522,3.3235411092631426
TCGA-AA-3858-01A,67,66,7,1.0744174685182133,1.2315340274870334,4.242173475981906
TCGA-AA-3860-01A,56,57,7,1.0997669677031352,1.1935623898809578,1.7414005358823956
TCGA-AA-3864-01A,2573,2831,23,1.1389601802966494,1.2023820024200211,2.0036805630363745
TCGA-AA-3866-01A,125,121,9,1.1351112839998825,1.1221263646507722,3.7478241988890297
TCGA-AA-3867-01A,105,104,11,1.0919259332569704,1.174488072322306,3.4982710802146744
TCGA-AA-3869-01A,77,80,6,1.0714745230977605,1.205603605087364,3.3288746307070487
TCGA-AA-3870-01A,128,127,9,1.0474264876617996,1.1080015401841798,2.0236598489103064
TCGA-AA-3872-01A,80,80,9,1.1785316304667448,1.0544885357682554,2.887153497934965
TCGA-AA-3875-01A,127,132,9,1.1180955465429618,1.2142128282612905,3.9023709148560517
TCGA-AA-3877-01A,1266,1312,21,1.1317025130732374,1.1865321469588967,2.0527485925341558
TCGA-AA-3930-01A,207,210,11,1.1434181080040344,1.2291804250078346,1.9242951085487794
TCGA-AA-3941-01A,113,115,9,1.030831625045053,1.2080569334711628,3.0608472771249615
TCGA-AA-3947-01A,2321,2554,28,1.0821642718227544,1.1120783851916385,1.999551134731399
TCGA-AA-3949-01A,1273,1323,22,1.0236185113423781,1.1000895175351595,4.130880557351146
TCGA-AA-3950-01A,1247,1303,24,1.0609060837120525,1.3000357349975942,2.1081555834378922
TCGA-AA-3952-01A,100,102,11,1.051157749209856,1.1388815429767993,1.8023905535162112
TCGA-AA-3955-01A,139,137,12,1.1177064961699563,1.2039001194278323,3.2097331925890873
TCGA-AA-3956-01A,138,138,9,1.0868914925937079,1.1585707183056757,4.274259015387946
TCGA-AA-3966-01A,1474,1547,25,1.096673959845798,1.1571690820833516,3.565896440603486
TCGA-AA-3968-01A,127,127,11,1.1474318877046974,1.2613040237182547,2.8356329273112717
TCGA-AA-3971-01A,89,89,8,1.1108736423480394,1.191288899353937,2.261628011749653
TCGA-AA-3972-01A,100,100,9,1.0349117826893883,1.1369528620476177,3.7845508613988468
TCGA-AA-3973-01A,82,83,11,1.144821593957064,1.1997731292314735,2.012009404955688
TCGA-AA-3975-01A,141,146,10,1.1028938544787117,1.1887801461724214,2.13443124550036
TCGA-AA-3976-01A,97,96,7,1.0899355451370776,1.1704567927288403,3.196747379833755
TCGA-AA-3977-01A,3725,4649,23,1.1138913259112229,1.2196542518756475,2.000035915025051
TCGA-AA-3979-01A,155,155,12,1.0513498809251132,1.2637852160721987,1.9773288844801153
TCGA-AA-3982-01A,124,127,11,1.1566307568863659,1.215802769539928,1.755113502545428
TCGA-AA-3984-01A,4505,5600,26,1.0861021826679509,1.3077666943090507,2.1585471006682475
TCGA-AA-3986-01A,91,92,6,1.077391704177246,1.1311514796140845,2.048577688384455
TCGA-AA-3989-01A,121,120,9,1.0417520507541342,1.1084675051340516,3.69137315692707
TCGA-AA-3994-01A,193,199,12,1.0625333828689214,1.0053781886062645,2.2160548549924917
TCGA-AA-A00O-01A,89,89,5,1.130594874812381,1.1866062146652518,1.9719384057971014
TCGA-AA-A010-01A,6009,8066,30,1.061760398670016,1.2713053794250542,2.0052092689060537
TCGA-AA-A01D-01A,142,143,11,1.1231858681620401,1.2690421616825136,3.2506866146285054
TCGA-AA-A01P-01A,1046,1060,20,1.0792573003357842,1.1076275752633657,1.9998383736800518
TCGA-AA-A01R-01A,2045,2100,24,1.0855887800245858,1.1802536191975763,2.097870811247866
TCGA-AA-A01S-01A,63,63,6,0.9810174461431619,1.2460369424423197,2.101319603218896
TCGA-AA-A01T-01A,99,97,9,0.8911608705326645,1.1577310404089798,3.564274726269116
TCGA-AA-A01V-01A,124,129,8,1.0648561097040068,1.1446136214890823,2.0001257025876775
TCGA-AA-A01X-01A,75,75,9,1.0758348086831042,1.2411699352085248,2.914463817869726
TCGA-AA-A01Z-01A,102,103,11,0.9834663119625721,1.2167750765987184,1.9838846786883466
TCGA-AA-A022-01A,1673,1810,25,1.0478195499463387,1.0775558495108843,2.1260227644641625
TCGA-AA-A024-01A,78,78,11,0.9004952122218766,1.1151525838775478,1.999426769848094
TCGA-AA-A029-01A,91,89,11,0.9726340295829898,1.0974761833220197,2.2840728428963724
TCGA-AA-A02E-01A,166,169,12,1.0974827533987654,1.2306275129015924,3.7538300521500623
TCGA-AA-A02F-01A,64,64,9,1.0793794396481287,1.171018311729219,1.8007080157497382
TCGA-AA-A02H-01A,79,78,9,1.0806134589208007,1.2103260361452255,2.990415739886797
TCGA-AA-A02J-01A,128,128,11,1.0764727710558561,1.3309988334204763,2.1226704453731773
TCGA-AA-A02O-01A,174,173,12,1.0035885880466526,1.1027347291587766,2.3004956405339896
TCGA-AA-A02R-01A,1295,1369,26,1.0797156433124437,1.0419013607806729,2.0536701294492556
TCGA-AA-A02Y-01A,117,115,9,0.9354789483637838,1.0691148983650487,2.1989764548446598
TCGA-AA-A03F-01A,136,135,10,0.9249912307227743,1.0944063486264586,2.0
TCGA-AA-A03J-01A,102,95,11,1.0054369877725355,1.236702373051365,3.0374487686337095
TCGA-AD-5900-01A,1641,1736,25,1.0999656211835047,1.0434207262591226,2.123648187403442
TCGA-AD-6548-01A,135,135,9,1.1698939651310956,1.1669638247042144,2.067515029338709
TCGA-AD-6888-01A,108,106,12,1.076005244052181,1.2289122489960698,3.4582237908308424
TCGA-AD-6889-01A,1868,1992,26,1.0492178059852462,1.0437873249846745,1.9997306808388393
TCGA-AD-6890-01A,115,116,9,1.1470977916284564,1.1679574641931179,3.048321401015593
TCGA-AD-6895-01A,1761,1905,22,1.159529254254889,1.066072266554123,2.000664750269493
TCGA-AD-6899-01A,164,166,10,1.213917897148644,1.110561495836521,2.444218919898514
TCGA-AD-6901-01A,275,277,16,1.220444663339889,1.0859550742987147,2.63929236835917
TCGA-AD-6963-01A,78,75,10,1.1067183152638655,1.22801209499396,3.2792651486469433
TCGA-AD-6964-01A,1749,1730,21,1.1623657815731008,1.152056992484154,1.9927096426647513
TCGA-AD-6965-01A,137,137,10,1.2434508376725848,1.165137868088369,3.7337250122778616
TCGA-AD-A5EJ-01A,1747,1751,25,1.0699295990057884,1.1393974218341634,1.984558488449539
TCGA-AD-A5EK-01A,104,95,10,1.1959786384254358,1.1770075028162839,2.512532122364206
TCGA-AM-5820-01A,68,68,5,1.0861417420219093,1.0307321235190656,1.9587984241628364
TCGA-AM-5821-01A,1354,1421,23,1.0617781687224896,1.1493091374216096,2.088447588609186
TCGA-AU-3779-01A,110,110,7,1.106446154428559,1.0991850936086243,2.6192886999135196
TCGA-AU-6004-01A,1095,1133,22,1.1439931552950047,1.0136713963694766,2.042877920025856
TCGA-AY-4070-01A,154,153,11,1.1324076387977962,1.3259005105280648,4.197819314641745
TCGA-AY-4071-01A,121,124,11,1.0197580110851565,1.1659142844501003,3.1703197337962963
TCGA-AY-5543-01A,120,121,7,1.045501562028008,1.1245384718696618,1.9513222560262111
TCGA-AY-6196-01A,240,239,14,1.2118584559525172,1.1736608125336054,2.8334631901284677
TCGA-AY-6197-01A,1228,1274,18,1.161385530904932,1.109823311229903,2.0639275966096826
TCGA-AY-6386-01A,117,120,11,1.070706445646096,1.150581684149739,2.0536254994356153
TCGA-AY-A54L-01A,156,147,15,1.0938181851722162,1.2028467138739163,3.5685895181146674
TCGA-AY-A69D-01A,207,212,13,1.1579628067597303,1.1766869405353937,3.7247219635609747
TCGA-AY-A71X-01A,91,90,11,1.1070689525133588,1.0850095599232084,1.952155967331167
TCGA-AY-A8YK-01A,76,76,9,1.106122939465321,1.2041141956366606,3.5731174685586993
TCGA-AZ-4308-01A,68,65,7,0.9662922278572076,1.0972865219468806,2.0319515787205
TCGA-AZ-4313-01A,1258,1313,21,0.9385424774144545,1.1276367712707998,2.1178603644235974
TCGA-AZ-4315-01A,5115,6616,28,1.08087029027395,1.1629719606911237,1.9993530764807361
TCGA-AZ-4323-01A,44,45,4,1.3208011345511517,1.2019826441858552,2.1389266489043552
TCGA-AZ-4614-01A,194,193,14,1.069865797492387,1.1804943825352852,1.926120079811355
TCGA-AZ-4615-01A,1153,1212,24,1.0906305344695337,1.1294817715642993,2.0355973666222975
TCGA-AZ-4616-01A,98,97,8,1.0352449872295337,1.0708114772579265,2.9175408768629723
TCGA-AZ-4681-01A,86,85,10,0.9764659981360684,1.167337811493599,2.0121190326350806
TCGA-AZ-4682-01B,91,89,9,1.0569117645149368,1.1433848044536183,2.241674013566275
TCGA-AZ-4684-01A,84,82,9,1.033817527263756,1.1591134523818976,3.63248897882489
TCGA-AZ-5403-01A,77,75,10,1.115623378189887,1.0215769112762358,3.2176235943901954
TCGA-AZ-5407-01A,99,100,9,1.0576915877430852,1.0232443851348794,2.164636224993272
TCGA-AZ-6598-01A,2429,2745,29,1.0340696124120876,1.2142665844310088,2.2540513408862757
TCGA-AZ-6599-01A,260,259,14,1.087305273725725,1.056687172344931,1.9961749124539823
TCGA-AZ-6600-01A,141,146,11,1.1613138720167202,1.098650706862959,2.9298487181809945
TCGA-AZ-6601-01A,2189,2241,23,1.1814226338646474,1.128871967324328,1.9999102398391497
TCGA-AZ-6603-01A,81,80,8,1.1728212047463649,1.14375999044412,3.782779112403591
TCGA-AZ-6605-01A,104,105,7,1.1273464508973676,1.1346948331273587,3.903494477638964
TCGA-AZ-6606-01A,143,144,8,1.105337030125383,1.1350544205798907,2.3118061466577324
TCGA-AZ-6607-01A,77,75,9,1.153461826781124,1.022005252817304,3.471901796190992
TCGA-AZ-6608-01A,155,159,10,1.0541364342105854,1.1654315900081313,3.332906368392567
TCGA-CA-5254-01A,208,206,13,1.1363387134152692,1.1230724366339095,3.127550927692671
TCGA-CA-5255-01A,45,47,7,1.0083824765787812,1.2895255336094493,3.1912717845311827
TCGA-CA-5256-01A,86,85,8,1.0154427054501374,1.174303113592327,3.708574406152298
TCGA-CA-5796-01A,75,75,10,1.03443514305804,0.9618802055370389,2.0832220819051055
TCGA-CA-5797-01A,69,71,6,1.1335385295307394,1.1356063324120125,2.9089149740454703
TCGA-CA-6715-01A,87,86,10,1.16390570628029,1.1967439364694776,2.12053418764961
TCGA-CA-6716-01A,164,166,10,1.162580826469972,1.0831830468877428,3.6778177889809145
TCGA-CA-6718-01A,3086,3368,25,1.2152127387765945,1.0665970391602366,2.078213397715398
TCGA-CA-6719-01A,121,122,8,1.1756742140442484,1.0113365780759804,3.3013730846464173
TCGA-CK-4947-01B,104,102,11,1.117362513046448,1.0878397342088695,2.103581158589045
TCGA-CK-4948-01B,108,109,7,1.1414555286547532,1.1404709543216687,3.346939880844918
TCGA-CK-4950-01A,186,191,10,1.0171339452071582,1.1006836521645902,2.257740510323686
TCGA-CK-4951-01A,3956,4819,24,1.1183146048280335,1.162558980321421,1.9984720474564084
TCGA-CK-4952-01A,158,161,12,1.1096887769213608,1.1434259652741288,2.119374304083905
TCGA-CK-5912-01A,64,63,8,1.1587539982894268,1.1828786296705807,3.76274587792884
TCGA-CK-5913-01A,922,949,20,1.143840778304475,1.0721749539524832,2.04478738120475
TCGA-CK-5914-01A,141,143,13,1.1824435179413118,1.1603774799755628,3.4192280523808662
TCGA-CK-5915-01A,92,93,10,1.1048945706358066,1.1498608611357337,3.5422400437437345
TCGA-CK-5916-01A,1594,1682,25,1.1019214054452178,1.049620438923739,1.9999459897380503
TCGA-CK-6746-01A,1343,1390,24,1.1200303833343035,1.1721011281141946,2.043085326194369
TCGA-CK-6747-01A,179,176,16,1.0841003677541363,1.0971567885329787,1.9996948154531093
TCGA-CK-6748-01A,67,67,8,1.06848646414444,1.0668105378994246,2.9016230838593327
TCGA-CK-6751-01A,183,184,13,1.043017637353761,1.1475445910123372,1.99748667037682
TCGA-CM-4743-01A,1312,1377,28,0.9640679323404526,1.1216985305662885,1.9949544826100227
TCGA-CM-4744-01A,159,159,8,0.9859226515810208,1.1406703192543386,3.2135899647760766
TCGA-CM-4746-01A,839,858,18,0.9581376803030592,1.121144169972995,2.1505967450271246
TCGA-CM-4747-01A,102,103,9,0.9363410592771443,1.0312593342767762,3.1674246525897853
TCGA-CM-4748-01A,69,69,8,1.5132038581301674,1.0803432732407525,1.9923344822633922
TCGA-CM-4750-01A,92,90,13,1.0150163785548083,1.1838857350215064,3.5001080146899977
TCGA-CM-4751-01A,96,95,12,1.1268157748316152,1.090087172967752,2.0008429283690234
TCGA-CM-4752-01A,132,136,7,1.0910314784020128,1.142477441633807,3.452974494029366
TCGA-CM-5341-01A,158,162,11,1.0336856810944566,1.084159343191541,3.7555847332637864
TCGA-CM-5344-01A,68,68,6,1.0816996216715642,1.062482348099294,2.764861890414419
TCGA-CM-5348-01A,188,192,10,1.2101253914276067,1.0065180410370047,2.489971190955047
TCGA-CM-5349-01A,108,106,12,1.086436345976416,1.022632454116785,2.041521930850777
TCGA-CM-5860-01A,119,119,10,1.131920837037695,1.0604069002404324,3.6215767934086935
TCGA-CM-5861-01A,1569,1654,22,1.0050657897868982,1.074880062529011,2.125966512265018
TCGA-CM-5862-01A,92,92,9,1.0417077514104063,1.093066417612266,2.6002086931491077
TCGA-CM-5864-01A,206,208,10,1.1182405403436886,1.1260746585105486,3.5036791958199998
TCGA-CM-5868-01A,104,103,8,1.13098676633996,1.0739416461052949,1.8683002920211125
TCGA-CM-6161-01A,99,100,8,1.1965728676751408,1.1119545195330776,2.387722016068019
TCGA-CM-6162-01A,1175,1218,23,1.1774073298865526,1.1240115718301513,2.0011668820910526
TCGA-CM-6163-01A,106,105,7,1.1397614609789959,1.1116663508082827,3.0191298367539003
TCGA-CM-6164-01A,78,78,7,1.179919107096401,1.0744155060733425,3.509470345473878
TCGA-CM-6165-01A,115,114,11,1.1553359258378324,1.0720621673526753,1.9910747957259585
TCGA-CM-6166-01A,85,85,9,1.1274606655712618,1.0987344560435184,2.316071718758464
TCGA-CM-6167-01A,82,83,7,1.2753883296668087,0.9508322479062687,2.5009308630817895
TCGA-CM-6168-01A,231,232,15,1.2245338570692323,1.0238183159921685,2.146483569674262
TCGA-CM-6169-01A,115,112,9,1.1890073274556812,1.1069532628319425,2.081784252564773
TCGA-CM-6170-01A,99,101,8,1.1436436870188658,1.0219702409743618,1.8597029559154623
TCGA-CM-6171-01A,1318,1389,26,1.1309876799197984,1.0316722284202957,2.053928346951603
TCGA-CM-6172-01A,104,105,8,1.1815372936722557,1.1092398839567603,1.9306067838287408
TCGA-CM-6674-01A,971,1021,19,1.0729920442471412,1.0257256443425016,2.000053903512712
TCGA-CM-6675-01A,84,81,8,1.223552300319929,1.0780674861571158,1.8835070288172509
TCGA-CM-6676-01A,105,105,10,1.1745952004009121,1.1889901969980874,3.0559735830671793
TCGA-CM-6677-01A,149,147,12,1.134528911935622,1.0826232696331572,3.883337235901223
TCGA-CM-6678-01A,147,148,10,1.0520301251999702,1.1407988106922597,2.391576768006974
TCGA-CM-6679-01A,67,66,8,1.1802739962691369,1.081545945218353,4.876751155401502
TCGA-CM-6680-01A,98,100,6,1.234759371849038,1.087728253406536,1.964239551917277
TCGA-D5-5537-01A,108,108,8,1.1335960467365584,1.1652059908820949,2.712896650009922
TCGA-D5-5538-01A,115,114,12,1.1578062220664433,1.0198594945196386,1.9538148634784642
TCGA-D5-5539-01A,106,106,8,1.1291334903796602,1.0490490741012866,3.606245115323797
TCGA-D5-5540-01A,117,120,7,1.0706331285860222,0.973674178948103,1.9101083097550866
TCGA-D5-5541-01A,65,67,7,1.2047516995047887,1.1008852146124521,2.3328895046512046
TCGA-D5-6529-01A,112,113,9,1.0929297391232202,1.130748189980211,2.741730279898219
TCGA-D5-6530-01A,1222,1266,25,1.0768133341771267,1.0804923800079336,1.99567356024702
TCGA-D5-6531-01A,195,199,9,1.0371485041015083,1.1235061570409788,5.024614884510502
TCGA-D5-6532-01A,125,126,9,1.160889758327432,1.129998238026823,2.0569688671086768
TCGA-D5-6533-01A,175,174,16,1.1106307540671394,1.0987863177523034,3.441551396799566
TCGA-D5-6534-01A,160,162,10,1.2094138684924978,1.142746679395883,2.0530941574814494
TCGA-D5-6535-01A,179,178,12,1.1223293422950733,1.0732135341210638,3.0665300273883154
TCGA-D5-6536-01A,97,103,5,1.0884266596666354,1.1307124060690337,2.0293117174495188
TCGA-D5-6537-01A,114,111,13,1.1044529091390547,1.1183115374117938,2.4314693377531165
TCGA-D5-6538-01A,150,152,11,1.0884434799664984,1.1337506215570772,3.586052765462606
TCGA-D5-6539-01A,101,98,11,1.1141009350585187,1.0670170705459898,3.551415502089036
TCGA-D5-6540-01A,1489,1480,25,1.144421575487934,1.1686751667280142,2.0647985045116295
TCGA-D5-6541-01A,102,100,7,1.0410103187824276,1.035759925406566,1.986196980589504
TCGA-D5-6898-01A,85,84,11,1.200798534026379,1.0988945232347547,3.1650348128807657
TCGA-D5-6920-01A,117,121,10,1.143000543203663,1.112734836198885,2.024872048127862
TCGA-D5-6922-01A,108,108,8,1.2946193592365138,1.0436880827716142,3.1803204897371264
TCGA-D5-6924-01A,143,143,13,1.223801565056047,1.1878913881420936,3.1799712333692916
TCGA-D5-6926-01A,110,112,10,1.2447302856667715,1.0869030958689863,3.886820239632007
TCGA-D5-6927-01A,785,802,19,1.2050141519697928,1.0764481629221154,2.0000897601608503
TCGA-D5-6928-01A,1732,1801,26,1.2239615078044832,1.154773062489288,2.2030525186007166
TCGA-D5-6929-01A,133,135,11,1.1152305881081428,1.1451115311528486,2.650693069306931
TCGA-D5-6930-01A,1339,1411,20,1.0956306737974493,1.0133055364063617,1.999802467362221
TCGA-D5-6931-01A,315,324,12,1.1988324272940543,1.0911143633559808,2.1080706428790035
TCGA-D5-6932-01A,133,136,11,1.1088065100725832,1.1545520217185137,3.4828047106422946
TCGA-D5-7000-01A,115,113,9,1.1803043415205228,1.0861344669690414,2.1995984727624713
TCGA-DM-A0X9-01A,187,191,13,1.050410647200406,1.1986693415517728,2.2765523833570795
TCGA-DM-A0XD-01A,172,176,12,0.9385570630925625,1.2329890871186353,2.0851017834624392
TCGA-DM-A0XF-01A,130,131,9,1.1250264640487475,1.3119717757947447,2.0163626512551924
TCGA-DM-A1D0-01A,129,126,13,0.9945397209857041,1.208445811019365,1.990066164810528
TCGA-DM-A1D4-01A,189,187,15,0.9622702449583199,1.112228666810868,2.011650135256988
TCGA-DM-A1D6-01A,116,115,11,1.0635630728927723,1.1156083802757972,1.8861768099221228
TCGA-DM-A1D7-01A,151,150,11,1.0868402543949334,1.1616235800967147,2.045357264895779
TCGA-DM-A1D8-01A,163,165,9,1.0362615765079837,1.1170647978703754,3.033202491987468
TCGA-DM-A1D9-01A,144,142,14,1.0442329350465371,1.1770645322700788,1.7363233386189996
TCGA-DM-A1DA-01A,297,298,17,1.0259862252207765,1.2458428632646135,2.4011408560030327
TCGA-DM-A1DB-01A,62,62,8,1.1902995539470047,1.2971405072978708,2.0185595218807943
TCGA-DM-A1HA-01A,150,153,10,1.0914290813516492,1.0841486669116775,1.9178801709773237
TCGA-DM-A1HB-01A,1310,1374,21,0.993484076686085,1.2673699979245687,1.9998563837426397
TCGA-DM-A280-01A,125,123,9,0.9380151878605792,1.164246817846033,2.073817927722932
TCGA-DM-A282-01A,101,102,10,1.0009922353847336,1.2307565451752025,1.9997664768542636
TCGA-DM-A285-01A,169,171,11,1.1611849249378778,1.0935285212811225,2.200025255714105
TCGA-DM-A288-01A,79,80,8,1.0788362243860738,1.1269068599666292,3.2196893063583816
TCGA-DM-A28A-01A,147,144,10,1.218756632889864,1.0839849694233807,1.893818580833943
TCGA-DM-A28C-01A,108,108,7,0.9886202901808518,1.162318395538489,2.0826081473073526
TCGA-DM-A28E-01A,88,89,7,1.0816075275070345,1.1191251009349505,2.0818998762354037
TCGA-DM-A28F-01A,251,253,12,1.1168033167885176,1.1825127513222955,2.450703713132342
TCGA-DM-A28G-01A,131,134,11,0.9994672795838958,1.138911336845318,2.007558212599415
TCGA-DM-A28H-01A,131,132,10,1.0887843033829645,1.1924143863407617,2.055690727223574
TCGA-DM-A28K-01A,115,114,10,1.0532123795362187,1.20260681847798,2.210333915320821
TCGA-DM-A28M-01A,95,96,9,0.9790269017434531,1.1431776983059372,3.3939087394775824
TCGA-F4-6459-01A,133,134,11,1.202601052174752,1.0598336906164505,2.483807601506605
TCGA-F4-6460-01A,154,156,13,1.1893119213388246,1.1031131676155321,2.769893095526654
TCGA-F4-6461-01A,149,147,13,1.080113540341809,1.1581766821463129,1.9446252893518519
TCGA-F4-6463-01A,84,82,11,1.1616625024338214,1.170278490702098,2.1125224577793746
TCGA-F4-6569-01A,127,126,11,1.1110234362197635,1.0467539816441072,2.1475556830816687
TCGA-F4-6570-01A,1772,1902,26,1.115075961430042,1.1457021513664123,2.0646499190511705
TCGA-F4-6703-01A,460,471,14,1.1149967888982275,1.0559586248010204,2.0588806037193423
TCGA-F4-6704-01A,65,61,8,1.1234738614811053,1.0258801455317688,3.4403197447842087
TCGA-F4-6805-01A,76,73,12,1.1715373039383772,1.019170848443916,2.0274162232130015
TCGA-F4-6806-01A,115,115,11,1.105261442572575,1.1362477326949991,2.006498635645555
TCGA-F4-6807-01A,173,175,11,1.1578460321903632,1.0761391008335688,1.937963563044574
TCGA-F4-6808-01A,139,137,7,1.0276795202010602,1.2670126695289965,3.751546633479429
TCGA-F4-6809-01A,157,157,11,1.1464366493837965,1.0858043916812252,1.8964419913342083
TCGA-F4-6854-01A,120,124,9,1.1648763952549304,1.1205891038279872,2.014395738861297
TCGA-F4-6855-01A,110,111,9,1.1781537898309293,1.1013952516652679,3.0215815664214625
TCGA-F4-6856-01A,1121,1158,25,1.1413050859528289,1.187092947830689,1.9916686118542726
TCGA-G4-6293-01A,127,129,8,1.0750841176771886,1.0719871301891724,2.1274040615869945
TCGA-G4-6294-01A,161,160,11,1.0928684260553756,1.1226720608705092,2.1861765880942867
TCGA-G4-6295-01A,154,155,11,1.1433015310737993,1.2206868595018132,2.7117719546228845
TCGA-G4-6297-01A,91,91,8,1.1930277493442256,1.0992235698417143,2.956098533596766
TCGA-G4-6298-01A,80,79,7,1.0614776155970846,1.0657513984685327,1.9797852859861405
TCGA-G4-6299-01A,171,170,13,1.180238456662975,1.211210347453551,2.621308417983957
TCGA-G4-6302-01A,965,1009,23,1.135012633875554,0.84344355432805,2.04315668533678
TCGA-G4-6303-01A,107,103,8,1.2289894833123411,1.0994247047334404,3.246288848263254
TCGA-G4-6304-01A,967,1019,19,1.1017627295245958,1.180671484396264,2.04315668533678
TCGA-G4-6306-01A,123,126,10,1.0458025401078317,1.2537699603521886,2.2928712515711975
TCGA-G4-6307-01A,77,78,9,1.064382109161642,1.167627377006968,3.3902024584237167
TCGA-G4-6309-01A,909,934,17,1.1449383729332157,1.2309842857984608,1.9996766370250607
TCGA-G4-6310-01A,113,113,9,1.0933236267853175,1.0074238121243444,3.589737112751024
TCGA-G4-6311-01A,149,152,10,1.1392097790260298,1.1182287687352388,2.5640867322848946
TCGA-G4-6314-01A,152,147,11,1.185463127173052,1.0160262364921318,3.3178200629454113
TCGA-G4-6315-01A,156,159,10,1.102008363636546,1.1618752285082146,3.5727835571073756
TCGA-G4-6317-01A,110,109,10,1.073310562773876,1.1566323665127594,3.709994607226317
TCGA-G4-6317-02A,138,138,12,1.0019304981738526,1.1017864289531996,3.5596700407045856
TCGA-G4-6320-01A,1136,1189,25,1.0673097950948407,1.102058982577307,2.301342911808238
TCGA-G4-6321-01A,64,64,6,0.9344575521046915,1.0795789649565362,2.0
TCGA-G4-6322-01A,93,92,10,1.0847110999900818,1.08616433416869,1.909081075233923
TCGA-G4-6323-01A,89,86,10,1.0597788547343558,1.1068812057644832,2.044028885535676
TCGA-G4-6586-01A,1262,1328,21,1.0793426155218717,1.167269842741381,2.019561351511559
TCGA-G4-6588-01A,2201,2387,23,1.1069280521272444,1.2637283940573247,1.9982403217697335
TCGA-G4-6625-01A,116,117,8,1.1593132740235907,1.2542801176791682,2.9262742554456516
TCGA-G4-6626-01A,145,141,10,1.134968272068472,1.1990191745135887,3.338405179449049
TCGA-G4-6627-01A,88,89,7,1.129108604742609,0.9524030277398278,2.371705614622124
TCGA-G4-6628-01A,2105,2266,29,1.1389001674760235,1.1269927650475713,2.067676349294963
TCGA-NH-A50T-01A,150,141,14,1.0640351902468743,1.2297368204246208,4.03856399400194
TCGA-NH-A50U-01A,87,88,9,1.127452351517925,1.130694354806294,2.6482361103698566
TCGA-NH-A50V-01A,175,162,13,1.1014016043249546,1.091117402133821,1.8683403265047072
TCGA-NH-A5IV-01A,2508,2795,27,1.2213156133797651,1.2935880309879983,1.9979143663354189
TCGA-NH-A6GA-01A,93,94,8,1.2711664939120653,1.0712233716634105,1.8764571629213482
TCGA-NH-A6GB-01A,171,171,14,1.0840079270101168,1.1697133804336912,2.1903621670158637
TCGA-NH-A6GC-01A,121,121,8,1.0798020924368852,1.1090104539568424,3.3358089335328063
TCGA-NH-A8F7-01A,134,134,11,1.1096107585857435,1.1372538795230116,3.2321152766076944
TCGA-NH-A8F7-06A,119,118,8,1.0766639417616741,1.3226622526120926,3.3858156028368795
TCGA-NH-A8F8-01A,107,109,6,1.0846658732375363,1.0555108012178722,1.8850675865953253
TCGA-QG-A5YV-01A,179,172,12,1.1552890319258795,1.148840340430769,3.785434075116545
TCGA-QG-A5YW-01A,162,155,14,1.063198567694214,1.104917374912685,3.3233686128828768
TCGA-QG-A5YX-01A,108,98,8,1.0952126420768775,1.1837032110009362,2.1475263000755196
TCGA-QG-A5Z1-01A,107,105,12,1.1483904368813846,1.0932401510532064,2.064074508499501
TCGA-QG-A5Z2-01A,1231,1187,24,1.2364889274948911,1.0759776098863807,2.0025026251312568
TCGA-QL-A97D-01A,236,239,11,1.071832790757079,1.1461427378670939,3.3913726459219515
TCGA-RU-A8FL-01A,143,139,11,1.0227182761637041,1.2019816079209307,3.505138284183251
TCGA-SS-A7HO-01A,175,174,9,1.2006084082505863,1.2717008449251828,3.6497686122010875
TCGA-T9-A92H-01A,188,188,13,1.09582921155927,1.2848566490887063,3.661048820779586
TCGA-WS-AB45-01A,2661,2975,25,1.16462649658964,1.1326792499090312,2.2004257640000704
